{"ArtVein": {"Art": {"stencil": {"base": 0, "length": 2}, "bigVectMap": {"P": 0, "P*": 1}, "volumeMap": ["V_v", "V_v", "V_int", "V_int"], "sysMatMap": {"F": [[0, 0, -1], [1, 1, -1]], "lambda_phys": [[0, 1, 1], [1, 1, -1]]}, "name": "Art", "type": "ArtVein"}, "Vein": {"stencil": {"base": 2, "length": 2}, "bigVectMap": {"P": 0, "P*": 1}, "volumeMap": ["V_v", "V_v", "V_int", "V_int"], "sysMatMap": {"F": [[0, 0, -1], [1, 1, -1]], "lambda_phys": [[0, 1, 1], [1, 1, -1]]}, "name": "Vein", "type": "ArtVein"}}, "Lungs": {"Lungs": {"stencil": {"base": 4, "length": 4}, "bigVectMap": {"P_v": 0, "P*_v": 1, "P_int": 2, "P*_int": 3}, "volumeMap": ["V_v", "V_v", "V_int", "V_int"], "sysMatMap": {"F": [[0, 0, -1], [1, 1, -1]], "PS": [[0, 0, -1], [0, 2, 1], [1, 1, -1], [1, 3, 1], [2, 0, 1], [2, 2, -1], [3, 1, 1], [3, 3, -1]], "lambda_phys": [[0, 1, 1], [1, 1, -1], [2, 3, 1], [3, 3, -1]]}, "name": "Lungs", "type": "Lungs"}}, "RecNeg": {"Skin": {"stencil": {"base": 8, "length": 4}, "bigVectMap": {"P_v": 0, "P*_v": 1, "P_int": 2, "P*_int": 3}, "volumeMap": ["V_v", "V_v", "V_int", "V_int"], "sysMatMap": {"F": [[0, 0, -1], [1, 1, -1]], "PS": [[0, 0, -1], [0, 2, 1], [1, 1, -1], [1, 3, 1], [2, 0, 1], [2, 2, -1], [3, 1, 1], [3, 3, -1]], "lambda_phys": [[0, 1, 1], [1, 1, -1], [2, 3, 1], [3, 3, -1]]}, "name": "Skin", "type": "RecNeg"}, "Adipose": {"stencil": {"base": 12, "length": 4}, "bigVectMap": {"P_v": 0, "P*_v": 1, "P_int": 2, "P*_int": 3}, "volumeMap": ["V_v", "V_v", "V_int", "V_int"], "sysMatMap": {"F": [[0, 0, -1], [1, 1, -1]], "PS": [[0, 0, -1], [0, 2, 1], [1, 1, -1], [1, 3, 1], [2, 0, 1], [2, 2, -1], [3, 1, 1], [3, 3, -1]], "lambda_phys": [[0, 1, 1], [1, 1, -1], [2, 3, 1], [3, 3, -1]]}, "name": "Adipose", "type": "RecNeg"}, "Brain": {"stencil": {"base": 16, "length": 4}, "bigVectMap": {"P_v": 0, "P*_v": 1, "P_int": 2, "P*_int": 3}, "volumeMap": ["V_v", "V_v", "V_int", "V_int"], "sysMatMap": {"F": [[0, 0, -1], [1, 1, -1]], "PS": [[0, 0, -1], [0, 2, 1], [1, 1, -1], [1, 3, 1], [2, 0, 1], [2, 2, -1], [3, 1, 1], [3, 3, -1]], "lambda_phys": [[0, 1, 1], [1, 1, -1], [2, 3, 1], [3, 3, -1]]}, "name": "Brain", "type": "RecNeg"}, "Heart": {"stencil": {"base": 20, "length": 4}, "bigVectMap": {"P_v": 0, "P*_v": 1, "P_int": 2, "P*_int": 3}, "volumeMap": ["V_v", "V_v", "V_int", "V_int"], "sysMatMap": {"F": [[0, 0, -1], [1, 1, -1]], "PS": [[0, 0, -1], [0, 2, 1], [1, 1, -1], [1, 3, 1], [2, 0, 1], [2, 2, -1], [3, 1, 1], [3, 3, -1]], "lambda_phys": [[0, 1, 1], [1, 1, -1], [2, 3, 1], [3, 3, -1]]}, "name": "Heart", "type": "RecNeg"}, "Bone": {"stencil": {"base": 24, "length": 4}, "bigVectMap": {"P_v": 0, "P*_v": 1, "P_int": 2, "P*_int": 3}, "volumeMap": ["V_v", "V_v", "V_int", "V_int"], "sysMatMap": {"F": [[0, 0, -1], [1, 1, -1]], "PS": [[0, 0, -1], [0, 2, 1], [1, 1, -1], [1, 3, 1], [2, 0, 1], [2, 2, -1], [3, 1, 1], [3, 3, -1]], "lambda_phys": [[0, 1, 1], [1, 1, -1], [2, 3, 1], [3, 3, -1]]}, "name": "Bone", "type": "RecNeg"}}, "RecPos": {"Tumor": {"stencil": {"base": 28, "length": 8}, "bigVectMap": {"P_v": 0, "P*_v": 1, "P_int": 2, "P*_int": 3, "RP": 4, "RP*": 5, "P_intern": 6, "P*_intern": 7}, "volumeMap": ["V_v", "V_v", "V_int", "V_int"], "sysMatMap": {"F": [[0, 0, -1], [1, 1, -1]], "PS": [[0, 0, -1], [0, 2, 1], [1, 1, -1], [1, 3, 1], [2, 0, 1], [2, 2, -1], [3, 1, 1], [3, 3, -1]], "K_on": [[2, 2, -1], [3, 3, -1], [4, 2, 1], [5, 3, 1]], "k_off": [[2, 4, 1], [3, 5, 1], [4, 4, -1], [5, 5, -1]], "lambda_intern": [[4, 4, -1], [5, 5, -1], [6, 4, 1], [7, 5, 1]], "lambda_rel": [[6, 6, -1], [7, 7, -1]], "lambda_phys": [[0, 1, 1], [1, 1, -1], [2, 3, 1], [3, 3, -1], [4, 5, 1], [5, 5, -1], [6, 7, 1], [7, 7, -1]]}, "name": "Tumor", "type": "RecPos", "R0": 1.305, "k_on": 0.08}, "Liver": {"stencil": {"base": 36, "length": 8}, "bigVectMap": {"P_v": 0, "P*_v": 1, "P_int": 2, "P*_int": 3, "RP": 4, "RP*": 5, "P_intern": 6, "P*_intern": 7}, "volumeMap": ["V_v", "V_v", "V_int", "V_int"], "sysMatMap": {"F": [[0, 0, -1], [1, 1, -1]], "PS": [[0, 0, -1], [0, 2, 1], [1, 1, -1], [1, 3, 1], [2, 0, 1], [2, 2, -1], [3, 1, 1], [3, 3, -1]], "K_on": [[2, 2, -1], [3, 3, -1], [4, 2, 1], [5, 3, 1]], "k_off": [[2, 4, 1], [3, 5, 1], [4, 4, -1], [5, 5, -1]], "lambda_intern": [[4, 4, -1], [5, 5, -1], [6, 4, 1], [7, 5, 1]], "lambda_rel": [[6, 6, -1], [7, 7, -1]], "lambda_phys": [[0, 1, 1], [1, 1, -1], [2, 3, 1], [3, 3, -1], [4, 5, 1], [5, 5, -1], [6, 7, 1], [7, 7, -1]]}, "name": "Liver", "type": "RecPos", "R0": 2.5353999999999997, "k_on": 0.08}, "Spleen": {"stencil": {"base": 44, "length": 8}, "bigVectMap": {"P_v": 0, "P*_v": 1, "P_int": 2, "P*_int": 3, "RP": 4, "RP*": 5, "P_intern": 6, "P*_intern": 7}, "volumeMap": ["V_v", "V_v", "V_int", "V_int"], "sysMatMap": {"F": [[0, 0, -1], [1, 1, -1]], "PS": [[0, 0, -1], [0, 2, 1], [1, 1, -1], [1, 3, 1], [2, 0, 1], [2, 2, -1], [3, 1, 1], [3, 3, -1]], "K_on": [[2, 2, -1], [3, 3, -1], [4, 2, 1], [5, 3, 1]], "k_off": [[2, 4, 1], [3, 5, 1], [4, 4, -1], [5, 5, -1]], "lambda_intern": [[4, 4, -1], [5, 5, -1], [6, 4, 1], [7, 5, 1]], "lambda_rel": [[6, 6, -1], [7, 7, -1]], "lambda_phys": [[0, 1, 1], [1, 1, -1], [2, 3, 1], [3, 3, -1], [4, 5, 1], [5, 5, -1], [6, 7, 1], [7, 7, -1]]}, "name": "Spleen", "type": "RecPos", "R0": 1.7226, "k_on": 0.08}, "RedMarrow": {"stencil": {"base": 52, "length": 8}, "bigVectMap": {"P_v": 0, "P*_v": 1, "P_int": 2, "P*_int": 3, "RP": 4, "RP*": 5, "P_intern": 6, "P*_intern": 7}, "volumeMap": ["V_v", "V_v", "V_int", "V_int"], "sysMatMap": {"F": [[0, 0, -1], [1, 1, -1]], "PS": [[0, 0, -1], [0, 2, 1], [1, 1, -1], [1, 3, 1], [2, 0, 1], [2, 2, -1], [3, 1, 1], [3, 3, -1]], "K_on": [[2, 2, -1], [3, 3, -1], [4, 2, 1], [5, 3, 1]], "k_off": [[2, 4, 1], [3, 5, 1], [4, 4, -1], [5, 5, -1]], "lambda_intern": [[4, 4, -1], [5, 5, -1], [6, 4, 1], [7, 5, 1]], "lambda_rel": [[6, 6, -1], [7, 7, -1]], "lambda_phys": [[0, 1, 1], [1, 1, -1], [2, 3, 1], [3, 3, -1], [4, 5, 1], [5, 5, -1], [6, 7, 1], [7, 7, -1]]}, "name": "RedMarrow", "type": "RecPos", "R0": 0.22557746478873236, "k_on": 0.08}, "GI": {"stencil": {"base": 60, "length": 8}, "bigVectMap": {"P_v": 0, "P*_v": 1, "P_int": 2, "P*_int": 3, "RP": 4, "RP*": 5, "P_intern": 6, "P*_intern": 7}, "volumeMap": ["V_v", "V_v", "V_int", "V_int"], "sysMatMap": {"F": [[0, 0, -1], [1, 1, -1]], "PS": [[0, 0, -1], [0, 2, 1], [1, 1, -1], [1, 3, 1], [2, 0, 1], [2, 2, -1], [3, 1, 1], [3, 3, -1]], "K_on": [[2, 2, -1], [3, 3, -1], [4, 2, 1], [5, 3, 1]], "k_off": [[2, 4, 1], [3, 5, 1], [4, 4, -1], [5, 5, -1]], "lambda_intern": [[4, 4, -1], [5, 5, -1], [6, 4, 1], [7, 5, 1]], "lambda_rel": [[6, 6, -1], [7, 7, -1]], "lambda_phys": [[0, 1, 1], [1, 1, -1], [2, 3, 1], [3, 3, -1], [4, 5, 1], [5, 5, -1], [6, 7, 1], [7, 7, -1]]}, "name": "GI", "type": "RecPos", "R0": 1.3909633802816903, "k_on": 0.08}, "Muscle": {"stencil": {"base": 68, "length": 8}, "bigVectMap": {"P_v": 0, "P*_v": 1, "P_int": 2, "P*_int": 3, "RP": 4, "RP*": 5, "P_intern": 6, "P*_intern": 7}, "volumeMap": ["V_v", "V_v", "V_int", "V_int"], "sysMatMap": {"F": [[0, 0, -1], [1, 1, -1]], "PS": [[0, 0, -1], [0, 2, 1], [1, 1, -1], [1, 3, 1], [2, 0, 1], [2, 2, -1], [3, 1, 1], [3, 3, -1]], "K_on": [[2, 2, -1], [3, 3, -1], [4, 2, 1], [5, 3, 1]], "k_off": [[2, 4, 1], [3, 5, 1], [4, 4, -1], [5, 5, -1]], "lambda_intern": [[4, 4, -1], [5, 5, -1], [6, 4, 1], [7, 5, 1]], "lambda_rel": [[6, 6, -1], [7, 7, -1]], "lambda_phys": [[0, 1, 1], [1, 1, -1], [2, 3, 1], [3, 3, -1], [4, 5, 1], [5, 5, -1], [6, 7, 1], [7, 7, -1]]}, "name": "Muscle", "type": "RecPos", "R0": 1.2336216338028168, "k_on": 0.08}, "ProstateUterus": {"stencil": {"base": 76, "length": 8}, "bigVectMap": {"P_v": 0, "P*_v": 1, "P_int": 2, "P*_int": 3, "RP": 4, "RP*": 5, "P_intern": 6, "P*_intern": 7}, "volumeMap": ["V_v", "V_v", "V_int", "V_int"], "sysMatMap": {"F": [[0, 0, -1], [1, 1, -1]], "PS": [[0, 0, -1], [0, 2, 1], [1, 1, -1], [1, 3, 1], [2, 0, 1], [2, 2, -1], [3, 1, 1], [3, 3, -1]], "K_on": [[2, 2, -1], [3, 3, -1], [4, 2, 1], [5, 3, 1]], "k_off": [[2, 4, 1], [3, 5, 1], [4, 4, -1], [5, 5, -1]], "lambda_intern": [[4, 4, -1], [5, 5, -1], [6, 4, 1], [7, 5, 1]], "lambda_rel": [[6, 6, -1], [7, 7, -1]], "lambda_phys": [[0, 1, 1], [1, 1, -1], [2, 3, 1], [3, 3, -1], [4, 5, 1], [5, 5, -1], [6, 7, 1], [7, 7, -1]]}, "name": "ProstateUterus", "type": "RecPos", "R0": 0.030467605633802818, "k_on": 0.08}, "Adrenals": {"stencil": {"base": 84, "length": 8}, "bigVectMap": {"P_v": 0, "P*_v": 1, "P_int": 2, "P*_int": 3, "RP": 4, "RP*": 5, "P_intern": 6, "P*_intern": 7}, "volumeMap": ["V_v", "V_v", "V_int", "V_int"], "sysMatMap": {"F": [[0, 0, -1], [1, 1, -1]], "PS": [[0, 0, -1], [0, 2, 1], [1, 1, -1], [1, 3, 1], [2, 0, 1], [2, 2, -1], [3, 1, 1], [3, 3, -1]], "K_on": [[2, 2, -1], [3, 3, -1], [4, 2, 1], [5, 3, 1]], "k_off": [[2, 4, 1], [3, 5, 1], [4, 4, -1], [5, 5, -1]], "lambda_intern": [[4, 4, -1], [5, 5, -1], [6, 4, 1], [7, 5, 1]], "lambda_rel": [[6, 6, -1], [7, 7, -1]], "lambda_phys": [[0, 1, 1], [1, 1, -1], [2, 3, 1], [3, 3, -1], [4, 5, 1], [5, 5, -1], [6, 7, 1], [7, 7, -1]]}, "name": "Adrenals", "type": "RecPos", "R0": 0.1691830985915493, "k_on": 0.08}, "Rest": {"stencil": {"base": 92, "length": 8}, "bigVectMap": {"P_v": 0, "P*_v": 1, "P_int": 2, "P*_int": 3, "RP": 4, "RP*": 5, "P_intern": 6, "P*_intern": 7}, "volumeMap": ["V_v", "V_v", "V_int", "V_int"], "sysMatMap": {"F": [[0, 0, -1], [1, 1, -1]], "PS": [[0, 0, -1], [0, 2, 1], [1, 1, -1], [1, 3, 1], [2, 0, 1], [2, 2, -1], [3, 1, 1], [3, 3, -1]], "K_on": [[2, 2, -1], [3, 3, -1], [4, 2, 1], [5, 3, 1]], "k_off": [[2, 4, 1], [3, 5, 1], [4, 4, -1], [5, 5, -1]], "lambda_intern": [[4, 4, -1], [5, 5, -1], [6, 4, 1], [7, 5, 1]], "lambda_rel": [[6, 6, -1], [7, 7, -1]], "lambda_phys": [[0, 1, 1], [1, 1, -1], [2, 3, 1], [3, 3, -1], [4, 5, 1], [5, 5, -1], [6, 7, 1], [7, 7, -1]]}, "name": "Rest", "type": "RecPos", "R0": 22.068918050704223, "k_on": 0.08}}, "Kidney": {"Kidney": {"stencil": {"base": 100, "length": 10}, "bigVectMap": {"P_v": 0, "P*_v": 1, "P_intra": 2, "P*_intra": 3, "P_int": 4, "P*_int": 5, "RP": 6, "RP*": 7, "P_intern": 8, "P*_intern": 9}, "volumeMap": ["V_v", "V_v", "V_int", "V_int"], "sysMatMap": {"F": [[0, 0, -1], [1, 1, -1]], "F_fil": [[0, 0, -1], [1, 1, -1], [4, 0, 1], [4, 4, -1], [5, 1, 1], [5, 5, -1]], "F_R": [[0, 2, 1], [1, 3, 1], [2, 2, -1], [2, 4, 1], [3, 3, -1], [3, 5, 1]], "K_on": [[4, 4, -1], [5, 5, -1], [6, 4, 1], [7, 5, 1]], "k_off": [[4, 6, 1], [5, 7, 1], [6, 6, -1], [7, 7, -1]], "lambda_intern": [[6, 6, -1], [7, 7, -1], [8, 6, 1], [9, 7, 1]], "lambda_rel": [[8, 8, -1], [9, 9, -1]], "lambda_phys": [[0, 1, 1], [1, 1, -1], [2, 3, 1], [3, 3, -1], [4, 5, 1], [5, 5, -1], [6, 7, 1], [7, 7, -1], [8, 9, 1], [9, 9, -1]]}, "name": "Kidney", "type": "Kidney", "R0": 1.2870000000000001, "k_on": 0.08}}}